<?xml version="1.0" encoding="UTF-8"?>
<project-private xmlns="http://www.netbeans.org/ns/project-private/1">
    <editor-bookmarks xmlns="http://www.netbeans.org/ns/editor-bookmarks/2" lastBookmarkId="0"/>
    <open-files xmlns="http://www.netbeans.org/ns/projectui-open-files/2">
        <group>
            <file>file:/Users/phaedramohammed/Documents/Courses/COMP2603%20-%202018%20S1/L8/ListenerProject/src/listenerproject/ListenerDemo.java</file>
            <file>file:/Users/phaedramohammed/Documents/Courses/COMP2603%20-%202018%20S1/L8/ListenerProject/src/listenerproject/ListenerProject.java</file>
        </group>
    </open-files>
</project-private>
